mms_id,status,ns0_count,error_code,notes
991011551111804641,Fetchable - Clean,0,,No ns0: fields found - record is clean
991011551112904641,Fetchable - Clean,0,,No ns0: fields found - record is clean
991011551113104641,Fetchable - Clean,0,,No ns0: fields found - record is clean
991011551113204641,Fetchable - Clean,0,,No ns0: fields found - record is clean
991011551113304641,Fetchable - Clean,0,,No ns0: fields found - record is clean
991011551113404641,Fetchable - Clean,0,,No ns0: fields found - record is clean
991011551113604641,Fetchable - Clean,0,,No ns0: fields found - record is clean
991011606174604641,Fetchable - Clean,0,,No ns0: fields found - record is clean
991011606183704641,Fetchable - Clean,0,,No ns0: fields found - record is clean
991011606299604641,Fetchable - Clean,0,,No ns0: fields found - record is clean
991011606299804641,Fetchable - Clean,0,,No ns0: fields found - record is clean
991011687617204641,Fetchable - Clean,0,,No ns0: fields found - record is clean
991011687617404641,Fetchable - Clean,0,,No ns0: fields found - record is clean
991011687617504641,Fetchable - Clean,0,,No ns0: fields found - record is clean
991011687617604641,Fetchable - Clean,0,,No ns0: fields found - record is clean
991011687617704641,Fetchable - Clean,0,,No ns0: fields found - record is clean
991011687617904641,Fetchable - Clean,0,,No ns0: fields found - record is clean
991011687618004641,Fetchable - Clean,0,,No ns0: fields found - record is clean
991011687618104641,Fetchable - Clean,0,,No ns0: fields found - record is clean
991011687618304641,Fetchable - Clean,0,,No ns0: fields found - record is clean
991011687618404641,Fetchable - Clean,0,,No ns0: fields found - record is clean
991011687618804641,Fetchable - Clean,0,,No ns0: fields found - record is clean
991011687618904641,Fetchable - Clean,0,,No ns0: fields found - record is clean
991011687619004641,Fetchable - Clean,0,,No ns0: fields found - record is clean
991011687620004641,Fetchable - Clean,0,,No ns0: fields found - record is clean
991011687620104641,Fetchable - Clean,0,,No ns0: fields found - record is clean
991011687620204641,Fetchable - Clean,0,,No ns0: fields found - record is clean
991011687620304641,Fetchable - Clean,0,,No ns0: fields found - record is clean
991011687620404641,Fetchable - Clean,0,,No ns0: fields found - record is clean
991011687620504641,Fetchable - Clean,0,,No ns0: fields found - record is clean
991011687620604641,Fetchable - Clean,0,,No ns0: fields found - record is clean
991011687620704641,Fetchable - Clean,0,,No ns0: fields found - record is clean
991011687620804641,Fetchable - Clean,0,,No ns0: fields found - record is clean
991011687620904641,Fetchable - Clean,0,,No ns0: fields found - record is clean
991011687621004641,Fetchable - Clean,0,,No ns0: fields found - record is clean
991011687621104641,Fetchable - Clean,0,,No ns0: fields found - record is clean
991011687621204641,Fetchable - Clean,0,,No ns0: fields found - record is clean
991011687621304641,Fetchable - Clean,0,,No ns0: fields found - record is clean
991011687621404641,Fetchable - Clean,0,,No ns0: fields found - record is clean
991011687621504641,Fetchable - Clean,0,,No ns0: fields found - record is clean
991011687621604641,Fetchable - Clean,0,,No ns0: fields found - record is clean
991011687621704641,Fetchable - Clean,0,,No ns0: fields found - record is clean
991011687621804641,Fetchable - Clean,0,,No ns0: fields found - record is clean
991011687621904641,Fetchable - Clean,0,,No ns0: fields found - record is clean
991011687622004641,Fetchable - Clean,0,,No ns0: fields found - record is clean
991011687622104641,Fetchable - Clean,0,,No ns0: fields found - record is clean
991011687622204641,Fetchable - Clean,0,,No ns0: fields found - record is clean
991011687622304641,Fetchable - Clean,0,,No ns0: fields found - record is clean
991011687622404641,Fetchable - Clean,0,,No ns0: fields found - record is clean
991011687622504641,Fetchable - Clean,0,,No ns0: fields found - record is clean
991011687622604641,Fetchable - Clean,0,,No ns0: fields found - record is clean
991011687622704641,Fetchable - Clean,0,,No ns0: fields found - record is clean
991011687622804641,Fetchable - Clean,0,,No ns0: fields found - record is clean
991011687622904641,Fetchable - Clean,0,,No ns0: fields found - record is clean
991011687623104641,Fetchable - Clean,0,,No ns0: fields found - record is clean
991011687623204641,Fetchable - Clean,0,,No ns0: fields found - record is clean
991011687623404641,Fetchable - Clean,0,,No ns0: fields found - record is clean
991011687623504641,Fetchable - Clean,0,,No ns0: fields found - record is clean
991011687623604641,Fetchable - Clean,0,,No ns0: fields found - record is clean
991011687623704641,Fetchable - Clean,0,,No ns0: fields found - record is clean
991011687623804641,Fetchable - Clean,0,,No ns0: fields found - record is clean
991011687623904641,Fetchable - Clean,0,,No ns0: fields found - record is clean
991011687624004641,Fetchable - Clean,0,,No ns0: fields found - record is clean
991011687624104641,Fetchable - Clean,0,,No ns0: fields found - record is clean
991011687624204641,Fetchable - Clean,0,,No ns0: fields found - record is clean
991011687624304641,Fetchable - Clean,0,,No ns0: fields found - record is clean
991011687624504641,Fetchable - Clean,0,,No ns0: fields found - record is clean
991011687624604641,Fetchable - Clean,0,,No ns0: fields found - record is clean
991011687624704641,Fetchable - Clean,0,,No ns0: fields found - record is clean
991011687624904641,Fetchable - Clean,0,,No ns0: fields found - record is clean
991011687625004641,Fetchable - Clean,0,,No ns0: fields found - record is clean
991011687625104641,Fetchable - Clean,0,,No ns0: fields found - record is clean
991011687625304641,Fetchable - Clean,0,,No ns0: fields found - record is clean
991011687625404641,Fetchable - Clean,0,,No ns0: fields found - record is clean
991011687625504641,Fetchable - Clean,0,,No ns0: fields found - record is clean
991011687625604641,Fetchable - Clean,0,,No ns0: fields found - record is clean
991011687625704641,Fetchable - Clean,0,,No ns0: fields found - record is clean
991011687625804641,Fetchable - Clean,0,,No ns0: fields found - record is clean
991011687625904641,Fetchable - Clean,0,,No ns0: fields found - record is clean
991011687626004641,Fetchable - Clean,0,,No ns0: fields found - record is clean
991011687626104641,Fetchable - Clean,0,,No ns0: fields found - record is clean
991011687626204641,Fetchable - Clean,0,,No ns0: fields found - record is clean
991011687626304641,Fetchable - Clean,0,,No ns0: fields found - record is clean
991011687626504641,Fetchable - Clean,0,,No ns0: fields found - record is clean
991011687626604641,Fetchable - Clean,0,,No ns0: fields found - record is clean
991011687626704641,Fetchable - Clean,0,,No ns0: fields found - record is clean
991011687626904641,Fetchable - Clean,0,,No ns0: fields found - record is clean
991011687627004641,Fetchable - Clean,0,,No ns0: fields found - record is clean
991011687627104641,Fetchable - Clean,0,,No ns0: fields found - record is clean
991011687627304641,Fetchable - Clean,0,,No ns0: fields found - record is clean
991011687627404641,Fetchable - Clean,0,,No ns0: fields found - record is clean
991011687627504641,Fetchable - Clean,0,,No ns0: fields found - record is clean
991011687627604641,Fetchable - Clean,0,,No ns0: fields found - record is clean
991011687627704641,Fetchable - Clean,0,,No ns0: fields found - record is clean
991011687627804641,Fetchable - Clean,0,,No ns0: fields found - record is clean
991011687627904641,Fetchable - Clean,0,,No ns0: fields found - record is clean
991011687628004641,Fetchable - Clean,0,,No ns0: fields found - record is clean
991011687628104641,Fetchable - Clean,0,,No ns0: fields found - record is clean
991011687628204641,Fetchable - Clean,0,,No ns0: fields found - record is clean
991011687628304641,Fetchable - Clean,0,,No ns0: fields found - record is clean
991011687628404641,Fetchable - Clean,0,,No ns0: fields found - record is clean
991011687628504641,Fetchable - Clean,0,,No ns0: fields found - record is clean
991011687628604641,Fetchable - Clean,0,,No ns0: fields found - record is clean
991011687628704641,Fetchable - Clean,0,,No ns0: fields found - record is clean
991011687628804641,Fetchable - Clean,0,,No ns0: fields found - record is clean
991011687628904641,Fetchable - Clean,0,,No ns0: fields found - record is clean
991011687629004641,Fetchable - Clean,0,,No ns0: fields found - record is clean
991011687629104641,Fetchable - Clean,0,,No ns0: fields found - record is clean
991011687629204641,Fetchable - Clean,0,,No ns0: fields found - record is clean
991011687629404641,Fetchable - Clean,0,,No ns0: fields found - record is clean
991011687629504641,Fetchable - Clean,0,,No ns0: fields found - record is clean
991011687629604641,Fetchable - Clean,0,,No ns0: fields found - record is clean
991011687629704641,Fetchable - Clean,0,,No ns0: fields found - record is clean
991011687629904641,Fetchable - Clean,0,,No ns0: fields found - record is clean
991011687630004641,Fetchable - Clean,0,,No ns0: fields found - record is clean
991011687630104641,Fetchable - Clean,0,,No ns0: fields found - record is clean
991011687630204641,Fetchable - Clean,0,,No ns0: fields found - record is clean
991011687630304641,Fetchable - Clean,0,,No ns0: fields found - record is clean
991011687630504641,Fetchable - Clean,0,,No ns0: fields found - record is clean
991011687630604641,Fetchable - Clean,0,,No ns0: fields found - record is clean
991011687630704641,Fetchable - Clean,0,,No ns0: fields found - record is clean
991011687630804641,Fetchable - Clean,0,,No ns0: fields found - record is clean
991011687630904641,Fetchable - Clean,0,,No ns0: fields found - record is clean
991011687631004641,Fetchable - Clean,0,,No ns0: fields found - record is clean
991011687631104641,Fetchable - Clean,0,,No ns0: fields found - record is clean
991011687631204641,Fetchable - Clean,0,,No ns0: fields found - record is clean
991011687631304641,Fetchable - Clean,0,,No ns0: fields found - record is clean
991011687631404641,Fetchable - Clean,0,,No ns0: fields found - record is clean
991011687631504641,Fetchable - Clean,0,,No ns0: fields found - record is clean
991011687631604641,Fetchable - Clean,0,,No ns0: fields found - record is clean
991011687631704641,Fetchable - Clean,0,,No ns0: fields found - record is clean
991011687631804641,Fetchable - Clean,0,,No ns0: fields found - record is clean
991011687631904641,Fetchable - Clean,0,,No ns0: fields found - record is clean
991011687632004641,Fetchable - Clean,0,,No ns0: fields found - record is clean
991011687632104641,Fetchable - Clean,0,,No ns0: fields found - record is clean
991011687632204641,Fetchable - Clean,0,,No ns0: fields found - record is clean
991011687632304641,Fetchable - Clean,0,,No ns0: fields found - record is clean
991011687632504641,Fetchable - Clean,0,,No ns0: fields found - record is clean
991011687632604641,Fetchable - Clean,0,,No ns0: fields found - record is clean
991011687632704641,Fetchable - Clean,0,,No ns0: fields found - record is clean
991011687632804641,Fetchable - Clean,0,,No ns0: fields found - record is clean
991011687632904641,Fetchable - Clean,0,,No ns0: fields found - record is clean
991011687633004641,Fetchable - Clean,0,,No ns0: fields found - record is clean
991011687633104641,Fetchable - Clean,0,,No ns0: fields found - record is clean
991011687633204641,Fetchable - Clean,0,,No ns0: fields found - record is clean
991011687633304641,Fetchable - Clean,0,,No ns0: fields found - record is clean
991011687633404641,Fetchable - Clean,0,,No ns0: fields found - record is clean
991011687633504641,Fetchable - Clean,0,,No ns0: fields found - record is clean
991011687633604641,Fetchable - Clean,0,,No ns0: fields found - record is clean
991011687633704641,Fetchable - Clean,0,,No ns0: fields found - record is clean
991011687633804641,Fetchable - Clean,0,,No ns0: fields found - record is clean
991011687633904641,Fetchable - Clean,0,,No ns0: fields found - record is clean
991011687634004641,Fetchable - Clean,0,,No ns0: fields found - record is clean
991011687634104641,Fetchable - Clean,0,,No ns0: fields found - record is clean
991011687634204641,Fetchable - Clean,0,,No ns0: fields found - record is clean
991011687634304641,Fetchable - Clean,0,,No ns0: fields found - record is clean
991011687634404641,Fetchable - Clean,0,,No ns0: fields found - record is clean
991011687634504641,Fetchable - Clean,0,,No ns0: fields found - record is clean
991011687634604641,Fetchable - Clean,0,,No ns0: fields found - record is clean
991011687634704641,Fetchable - Clean,0,,No ns0: fields found - record is clean
991011687634804641,Fetchable - Clean,0,,No ns0: fields found - record is clean
991011687634904641,Fetchable - Clean,0,,No ns0: fields found - record is clean
991011687635004641,Fetchable - Clean,0,,No ns0: fields found - record is clean
991011687635104641,Fetchable - Clean,0,,No ns0: fields found - record is clean
991011687635204641,Fetchable - Clean,0,,No ns0: fields found - record is clean
991011687635404641,Fetchable - Clean,0,,No ns0: fields found - record is clean
991011687635504641,Fetchable - Clean,0,,No ns0: fields found - record is clean
991011687635604641,Fetchable - Clean,0,,No ns0: fields found - record is clean
991011687635804641,Fetchable - Clean,0,,No ns0: fields found - record is clean
991011687635904641,Fetchable - Clean,0,,No ns0: fields found - record is clean
991011687636204641,Fetchable - Clean,0,,No ns0: fields found - record is clean
991011687636304641,Fetchable - Clean,0,,No ns0: fields found - record is clean
991011687636404641,Fetchable - Clean,0,,No ns0: fields found - record is clean
991011687636504641,Fetchable - Clean,0,,No ns0: fields found - record is clean
991011687636604641,Fetchable - Clean,0,,No ns0: fields found - record is clean
991011687636704641,Fetchable - Clean,0,,No ns0: fields found - record is clean
991011687636904641,Fetchable - Clean,0,,No ns0: fields found - record is clean
991011687637004641,Fetchable - Clean,0,,No ns0: fields found - record is clean
991011687637204641,Fetchable - Clean,0,,No ns0: fields found - record is clean
991011687637304641,Fetchable - Clean,0,,No ns0: fields found - record is clean
991011687637404641,Fetchable - Clean,0,,No ns0: fields found - record is clean
991011687637604641,Fetchable - Clean,0,,No ns0: fields found - record is clean
991011687637704641,Fetchable - Clean,0,,No ns0: fields found - record is clean
991011687637804641,Fetchable - Clean,0,,No ns0: fields found - record is clean
991011687638004641,Fetchable - Clean,0,,No ns0: fields found - record is clean
991011687638104641,Fetchable - Clean,0,,No ns0: fields found - record is clean
991011687638304641,Fetchable - Clean,0,,No ns0: fields found - record is clean
991011687638404641,Fetchable - Clean,0,,No ns0: fields found - record is clean
991011687638504641,Fetchable - Clean,0,,No ns0: fields found - record is clean
991011687638704641,Fetchable - Clean,0,,No ns0: fields found - record is clean
991011687638804641,Fetchable - Clean,0,,No ns0: fields found - record is clean
991011687638904641,Fetchable - Clean,0,,No ns0: fields found - record is clean
991011687639104641,Fetchable - Clean,0,,No ns0: fields found - record is clean
991011687639204641,Fetchable - Clean,0,,No ns0: fields found - record is clean
991011687639304641,Fetchable - Clean,0,,No ns0: fields found - record is clean
991011687639504641,Fetchable - Clean,0,,No ns0: fields found - record is clean
991011687639604641,Fetchable - Clean,0,,No ns0: fields found - record is clean
991011687639904641,Fetchable - Clean,0,,No ns0: fields found - record is clean
991011687640004641,Fetchable - Clean,0,,No ns0: fields found - record is clean
991011687641204641,Fetchable - Clean,0,,No ns0: fields found - record is clean
991011688285104641,Fetchable - Clean,0,,No ns0: fields found - record is clean
991011688285204641,Fetchable - Clean,0,,No ns0: fields found - record is clean
991011688285304641,Fetchable - Clean,0,,No ns0: fields found - record is clean
991011688285404641,Fetchable - Clean,0,,No ns0: fields found - record is clean
991011688285704641,Fetchable - Clean,0,,No ns0: fields found - record is clean
991011688285904641,Fetchable - Clean,0,,No ns0: fields found - record is clean
991011688286004641,Fetchable - Clean,0,,No ns0: fields found - record is clean
991011688286104641,Fetchable - Clean,0,,No ns0: fields found - record is clean
991011688286204641,Fetchable - Clean,0,,No ns0: fields found - record is clean
991011688286304641,Fetchable - Clean,0,,No ns0: fields found - record is clean
991011688286504641,Fetchable - Clean,0,,No ns0: fields found - record is clean
991011688286604641,Fetchable - Clean,0,,No ns0: fields found - record is clean
991011688286704641,Fetchable - Clean,0,,No ns0: fields found - record is clean
991011688286804641,Fetchable - Clean,0,,No ns0: fields found - record is clean
991011688286904641,Fetchable - Clean,0,,No ns0: fields found - record is clean
991011688287004641,Fetchable - Clean,0,,No ns0: fields found - record is clean
991011688287104641,Fetchable - Clean,0,,No ns0: fields found - record is clean
991011688288104641,Fetchable - Clean,0,,No ns0: fields found - record is clean
991011688288204641,Fetchable - Clean,0,,No ns0: fields found - record is clean
991011688288604641,Fetchable - Clean,0,,No ns0: fields found - record is clean
991011688288704641,Fetchable - Clean,0,,No ns0: fields found - record is clean
991011688288804641,Fetchable - Clean,0,,No ns0: fields found - record is clean
991011688288904641,Fetchable - Clean,0,,No ns0: fields found - record is clean
991011688289004641,Fetchable - Clean,0,,No ns0: fields found - record is clean
991011688289104641,Fetchable - Clean,0,,No ns0: fields found - record is clean
991011688289204641,Fetchable - Clean,0,,No ns0: fields found - record is clean
991011688289304641,Fetchable - Clean,0,,No ns0: fields found - record is clean
991011688289404641,Fetchable - Clean,0,,No ns0: fields found - record is clean
991011688289504641,Fetchable - Clean,0,,No ns0: fields found - record is clean
991011688289704641,Fetchable - Clean,0,,No ns0: fields found - record is clean
991011688289804641,Fetchable - Clean,0,,No ns0: fields found - record is clean
991011688289904641,Fetchable - Clean,0,,No ns0: fields found - record is clean
991011688290004641,Fetchable - Clean,0,,No ns0: fields found - record is clean
991011688290104641,Fetchable - Clean,0,,No ns0: fields found - record is clean
991011688290204641,Fetchable - Clean,0,,No ns0: fields found - record is clean
991011688290304641,Fetchable - Clean,0,,No ns0: fields found - record is clean
991011688291004641,Fetchable - Clean,0,,No ns0: fields found - record is clean
991011688291104641,Fetchable - Clean,0,,No ns0: fields found - record is clean
991011688291204641,Fetchable - Clean,0,,No ns0: fields found - record is clean
991011688291304641,Fetchable - Clean,0,,No ns0: fields found - record is clean
991011688291404641,Fetchable - Clean,0,,No ns0: fields found - record is clean
991011688292404641,Fetchable - Clean,0,,No ns0: fields found - record is clean
991011688292504641,Fetchable - Clean,0,,No ns0: fields found - record is clean
991011688292604641,Fetchable - Clean,0,,No ns0: fields found - record is clean
991011688292704641,Fetchable - Clean,0,,No ns0: fields found - record is clean
991011688292804641,Fetchable - Clean,0,,No ns0: fields found - record is clean
991011688292904641,Fetchable - Clean,0,,No ns0: fields found - record is clean
991011688293004641,Fetchable - Clean,0,,No ns0: fields found - record is clean
991011688293104641,Fetchable - Clean,0,,No ns0: fields found - record is clean
991011688293204641,Fetchable - Clean,0,,No ns0: fields found - record is clean
991011688293604641,Fetchable - Clean,0,,No ns0: fields found - record is clean
991011688294904641,Fetchable - Clean,0,,No ns0: fields found - record is clean
991011688295004641,Fetchable - Clean,0,,No ns0: fields found - record is clean
991011688295104641,Fetchable - Clean,0,,No ns0: fields found - record is clean
991011688295304641,Fetchable - Clean,0,,No ns0: fields found - record is clean
991011688295404641,Fetchable - Clean,0,,No ns0: fields found - record is clean
991011688295504641,Fetchable - Clean,0,,No ns0: fields found - record is clean
991011688295604641,Fetchable - Clean,0,,No ns0: fields found - record is clean
991011688295704641,Fetchable - Clean,0,,No ns0: fields found - record is clean
991011688295804641,Fetchable - Clean,0,,No ns0: fields found - record is clean
991011688296004641,Fetchable - Clean,0,,No ns0: fields found - record is clean
991011688296104641,Fetchable - Clean,0,,No ns0: fields found - record is clean
991011688296204641,Fetchable - Clean,0,,No ns0: fields found - record is clean
991011688296604641,Fetchable - Clean,0,,No ns0: fields found - record is clean
991011688296704641,Fetchable - Clean,0,,No ns0: fields found - record is clean
991011688296804641,Fetchable - Clean,0,,No ns0: fields found - record is clean
991011688296904641,Fetchable - Clean,0,,No ns0: fields found - record is clean
991011688297004641,Fetchable - Clean,0,,No ns0: fields found - record is clean
991011688297104641,Fetchable - Clean,0,,No ns0: fields found - record is clean
991011688297204641,Fetchable - Clean,0,,No ns0: fields found - record is clean
991011688297304641,Fetchable - Clean,0,,No ns0: fields found - record is clean
991011688297404641,Fetchable - Clean,0,,No ns0: fields found - record is clean
991011688297604641,Fetchable - Clean,0,,No ns0: fields found - record is clean
991011688297704641,Fetchable - Clean,0,,No ns0: fields found - record is clean
991011688297804641,Fetchable - Clean,0,,No ns0: fields found - record is clean
991011688297904641,Fetchable - Clean,0,,No ns0: fields found - record is clean
991011688298004641,Fetchable - Clean,0,,No ns0: fields found - record is clean
991011688298104641,Fetchable - Clean,0,,No ns0: fields found - record is clean
991011688298204641,Fetchable - Clean,0,,No ns0: fields found - record is clean
991011688298304641,Fetchable - Clean,0,,No ns0: fields found - record is clean
991011688298404641,Fetchable - Clean,0,,No ns0: fields found - record is clean
991011688298504641,Fetchable - Clean,0,,No ns0: fields found - record is clean
991011688298704641,Fetchable - Clean,0,,No ns0: fields found - record is clean
991011546793604641,Fetchable - Clean,0,,No ns0: fields found - record is clean
991011546794104641,Fetchable - Clean,0,,No ns0: fields found - record is clean
991011546794304641,Fetchable - Clean,0,,No ns0: fields found - record is clean
991011546797804641,Fetchable - Clean,0,,No ns0: fields found - record is clean
991011546806804641,Fetchable - Clean,0,,No ns0: fields found - record is clean
991011546839204641,Fetchable - Clean,0,,No ns0: fields found - record is clean
991011546839504641,Fetchable - Clean,0,,No ns0: fields found - record is clean
991011546839904641,Fetchable - Clean,0,,No ns0: fields found - record is clean
991011546841304641,Fetchable - Clean,0,,No ns0: fields found - record is clean
991011551111904641,Fetchable - Clean,0,,No ns0: fields found - record is clean
991011551112004641,Fetchable - Clean,0,,No ns0: fields found - record is clean
991011551112104641,Fetchable - Clean,0,,No ns0: fields found - record is clean
991011551112304641,Fetchable - Clean,0,,No ns0: fields found - record is clean
991011551112404641,Fetchable - Clean,0,,No ns0: fields found - record is clean
991011551112604641,Fetchable - Clean,0,,No ns0: fields found - record is clean
991011551112704641,Fetchable - Clean,0,,No ns0: fields found - record is clean
991011551113804641,Fetchable - Clean,0,,No ns0: fields found - record is clean
991011551113904641,Fetchable - Clean,0,,No ns0: fields found - record is clean
991011551114004641,Fetchable - Clean,0,,No ns0: fields found - record is clean
991011551114104641,Fetchable - Clean,0,,No ns0: fields found - record is clean
991011551114204641,Fetchable - Clean,0,,No ns0: fields found - record is clean
991011551114304641,Fetchable - Clean,0,,No ns0: fields found - record is clean
991011551114504641,Fetchable - Clean,0,,No ns0: fields found - record is clean
991011551114604641,Fetchable - Clean,0,,No ns0: fields found - record is clean
991011551114704641,Fetchable - Clean,0,,No ns0: fields found - record is clean
991011551114804641,Fetchable - Clean,0,,No ns0: fields found - record is clean
991011551114904641,Fetchable - Clean,0,,No ns0: fields found - record is clean
991011551115004641,Fetchable - Clean,0,,No ns0: fields found - record is clean
991011551115104641,Fetchable - Clean,0,,No ns0: fields found - record is clean
991011551115204641,Fetchable - Clean,0,,No ns0: fields found - record is clean
991011551115304641,Fetchable - Clean,0,,No ns0: fields found - record is clean
991011551115404641,Fetchable - Clean,0,,No ns0: fields found - record is clean
991011551115504641,Fetchable - Clean,0,,No ns0: fields found - record is clean
991011551115604641,Fetchable - Clean,0,,No ns0: fields found - record is clean
991011551115704641,Fetchable - Clean,0,,No ns0: fields found - record is clean
991011551115804641,Fetchable - Clean,0,,No ns0: fields found - record is clean
991011551115904641,Fetchable - Clean,0,,No ns0: fields found - record is clean
